1,0,5.75
2,13.7,5.75
3,27.4,5.75
4,41.1,5.75
5,54.8,5.75
6,68.5,5.75
7,82.2,5.75
8,95.9,5.75
9,109.6,5.75
10,123.3,5.75
11,137,5.75
12,150.7,5.75
13,164.4,5.75
14,178.1,5.75
15,191.8,5.75
16,205.5,5.75
17,219.2,5.75
18,232.9,5.75
19,246.6,5.75
20,260.3,5.75
21,274,5.75
22,287.7,5.75
23,301.4,5.75
24,315.1,5.75
25,328.8,5.75
26,342.5,5.75
27,356.2,5.75
28,369.9,5.75
29,383.6,5.75
30,397.3,5.75
31,411,5.75
32,424.7,5.75
33,438.4,5.75
34,452.1,5.75
35,465.8,5.75
36,479.5,5.75
37,493.2,5.75
38,506.9,5.75
39,520.6,5.75
40,534.3,5.75
41,548,5.75
42,561.7,5.75
43,575.4,5.75
44,589.1,5.75
45,602.8,5.75
46,616.5,5.75
47,630.2,5.75
48,643.9,5.75
49,657.6,5.75
50,671.3,5.75
51,685,5.75
52,0,19.45
53,13.7,19.45
54,27.4,19.45
55,41.1,19.45
56,54.8,19.45
57,68.5,19.45
58,82.2,19.45
59,95.9,19.45
60,109.6,19.45
61,123.3,19.45
62,137,19.45
63,150.7,19.45
64,164.4,19.45
65,178.1,19.45
66,191.8,19.45
67,205.5,19.45
68,219.2,19.45
69,232.9,19.45
70,246.6,19.45
71,260.3,19.45
72,274,19.45
73,287.7,19.45
74,411,19.45
75,424.7,19.45
76,438.4,19.45
77,452.1,19.45
78,465.8,19.45
79,479.5,19.45
80,493.2,19.45
81,506.9,19.45
82,520.6,19.45
83,534.3,19.45
84,548,19.45
85,561.7,19.45
86,575.4,19.45
87,589.1,19.45
88,602.8,19.45
89,616.5,19.45
90,630.2,19.45
91,643.9,19.45
92,657.6,19.45
93,671.3,19.45
94,685,19.45
95,0,33.15
96,13.7,33.15
97,27.4,33.15
98,41.1,33.15
99,54.8,33.15
100,68.5,33.15
101,82.2,33.15
102,95.9,33.15
103,109.6,33.15
104,123.3,33.15
105,137,33.15
106,150.7,33.15
107,164.4,33.15
108,178.1,33.15
109,191.8,33.15
110,205.5,33.15
111,219.2,33.15
112,315.1,33.15
113,356.2,33.15
114,479.5,33.15
115,493.2,33.15
116,506.9,33.15
117,520.6,33.15
118,534.3,33.15
119,548,33.15
120,561.7,33.15
121,575.4,33.15
122,589.1,33.15
123,602.8,33.15
124,616.5,33.15
125,630.2,33.15
126,643.9,33.15
127,657.6,33.15
128,671.3,33.15
129,685,33.15
130,0,46.85
131,13.7,46.85
132,27.4,46.85
133,41.1,46.85
134,54.8,46.85
135,68.5,46.85
136,82.2,46.85
137,95.9,46.85
138,109.6,46.85
139,123.3,46.85
140,137,46.85
141,150.7,46.85
142,164.4,46.85
143,178.1,46.85
144,191.8,46.85
145,219.2,46.85
146,232.9,46.85
147,260.3,46.85
148,274,46.85
149,287.7,46.85
150,301.4,46.85
151,328.8,46.85
152,356.2,46.85
153,369.9,46.85
154,383.6,46.85
155,397.3,46.85
156,411,46.85
157,424.7,46.85
158,452.1,46.85
159,465.8,46.85
160,506.9,46.85
161,520.6,46.85
162,534.3,46.85
163,548,46.85
164,561.7,46.85
165,575.4,46.85
166,589.1,46.85
167,602.8,46.85
168,616.5,46.85
169,630.2,46.85
170,643.9,46.85
171,657.6,46.85
172,671.3,46.85
173,685,46.85
174,0,60.55
175,13.7,60.55
176,27.4,60.55
177,41.1,60.55
178,54.8,60.55
179,68.5,60.55
180,82.2,60.55
181,95.9,60.55
182,109.6,60.55
183,123.3,60.55
184,137,60.55
185,150.7,60.55
186,164.4,60.55
187,191.8,60.55
188,246.6,60.55
189,260.3,60.55
190,274,60.55
191,287.7,60.55
192,301.4,60.55
193,315.1,60.55
194,342.5,60.55
195,369.9,60.55
196,383.6,60.55
197,397.3,60.55
198,411,60.55
199,424.7,60.55
200,438.4,60.55
201,506.9,60.55
202,534.3,60.55
203,548,60.55
204,561.7,60.55
205,575.4,60.55
206,589.1,60.55
207,602.8,60.55
208,616.5,60.55
209,630.2,60.55
210,643.9,60.55
211,657.6,60.55
212,671.3,60.55
213,685,60.55
214,0,74.25
215,13.7,74.25
216,27.4,74.25
217,41.1,74.25
218,54.8,74.25
219,68.5,74.25
220,82.2,74.25
221,95.9,74.25
222,109.6,74.25
223,123.3,74.25
224,137,74.25
225,178.1,74.25
226,219.2,74.25
227,232.9,74.25
228,246.6,74.25
229,260.3,74.25
230,274,74.25
231,287.7,74.25
232,301.4,74.25
233,315.1,74.25
234,328.8,74.25
235,356.2,74.25
236,369.9,74.25
237,383.6,74.25
238,397.3,74.25
239,411,74.25
240,424.7,74.25
241,438.4,74.25
242,452.1,74.25
243,465.8,74.25
244,506.9,74.25
245,534.3,74.25
246,561.7,74.25
247,575.4,74.25
248,589.1,74.25
249,602.8,74.25
250,616.5,74.25
251,630.2,74.25
252,643.9,74.25
253,657.6,74.25
254,671.3,74.25
255,685,74.25
256,0,87.95
257,13.7,87.95
258,27.4,87.95
259,41.1,87.95
260,54.8,87.95
261,68.5,87.95
262,82.2,87.95
263,95.9,87.95
264,109.6,87.95
265,123.3,87.95
266,232.9,87.95
267,246.6,87.95
268,260.3,87.95
269,274,87.95
270,287.7,87.95
271,301.4,87.95
272,315.1,87.95
273,328.8,87.95
274,356.2,87.95
275,369.9,87.95
276,383.6,87.95
277,397.3,87.95
278,411,87.95
279,424.7,87.95
280,438.4,87.95
281,452.1,87.95
282,548,87.95
283,575.4,87.95
284,589.1,87.95
285,602.8,87.95
286,616.5,87.95
287,630.2,87.95
288,643.9,87.95
289,657.6,87.95
290,671.3,87.95
291,685,87.95
292,0,101.65
293,13.7,101.65
294,27.4,101.65
295,41.1,101.65
296,54.8,101.65
297,68.5,101.65
298,82.2,101.65
299,95.9,101.65
300,109.6,101.65
301,232.9,101.65
302,246.6,101.65
303,260.3,101.65
304,274,101.65
305,287.7,101.65
306,301.4,101.65
307,315.1,101.65
308,328.8,101.65
309,356.2,101.65
310,369.9,101.65
311,383.6,101.65
312,397.3,101.65
313,411,101.65
314,424.7,101.65
315,438.4,101.65
316,452.1,101.65
317,589.1,101.65
318,602.8,101.65
319,616.5,101.65
320,630.2,101.65
321,643.9,101.65
322,657.6,101.65
323,671.3,101.65
324,685,101.65
325,0,115.35
326,13.7,115.35
327,27.4,115.35
328,41.1,115.35
329,54.8,115.35
330,68.5,115.35
331,82.2,115.35
332,95.9,115.35
333,123.3,115.35
334,137,115.35
335,232.9,115.35
336,246.6,115.35
337,260.3,115.35
338,274,115.35
339,287.7,115.35
340,301.4,115.35
341,315.1,115.35
342,328.8,115.35
343,356.2,115.35
344,369.9,115.35
345,383.6,115.35
346,397.3,115.35
347,411,115.35
348,424.7,115.35
349,438.4,115.35
350,452.1,115.35
351,575.4,115.35
352,602.8,115.35
353,616.5,115.35
354,630.2,115.35
355,643.9,115.35
356,657.6,115.35
357,671.3,115.35
358,685,115.35
359,0,129.05
360,13.7,129.05
361,27.4,129.05
362,41.1,129.05
363,54.8,129.05
364,68.5,129.05
365,82.2,129.05
366,109.6,129.05
367,164.4,129.05
368,191.8,129.05
369,232.9,129.05
370,246.6,129.05
371,260.3,129.05
372,274,129.05
373,287.7,129.05
374,328.8,129.05
375,356.2,129.05
376,411,129.05
377,424.7,129.05
378,438.4,129.05
379,452.1,129.05
380,520.6,129.05
381,548,129.05
382,589.1,129.05
383,616.5,129.05
384,630.2,129.05
385,643.9,129.05
386,657.6,129.05
387,671.3,129.05
388,685,129.05
389,0,142.75
390,13.7,142.75
391,27.4,142.75
392,41.1,142.75
393,54.8,142.75
394,68.5,142.75
395,150.7,142.75
396,191.8,142.75
397,205.5,142.75
398,232.9,142.75
399,246.6,142.75
400,260.3,142.75
401,274,142.75
402,301.4,142.75
403,315.1,142.75
404,369.9,142.75
405,383.6,142.75
406,411,142.75
407,424.7,142.75
408,438.4,142.75
409,452.1,142.75
410,479.5,142.75
411,493.2,142.75
412,506.9,142.75
413,520.6,142.75
414,548,142.75
415,602.8,142.75
416,630.2,142.75
417,643.9,142.75
418,657.6,142.75
419,671.3,142.75
420,685,142.75
421,0,156.45
422,13.7,156.45
423,27.4,156.45
424,41.1,156.45
425,54.8,156.45
426,82.2,156.45
427,137,156.45
428,164.4,156.45
429,178.1,156.45
430,191.8,156.45
431,205.5,156.45
432,219.2,156.45
433,232.9,156.45
434,246.6,156.45
435,260.3,156.45
436,274,156.45
437,287.7,156.45
438,301.4,156.45
439,315.1,156.45
440,328.8,156.45
441,342.5,156.45
442,356.2,156.45
443,369.9,156.45
444,383.6,156.45
445,397.3,156.45
446,411,156.45
447,424.7,156.45
448,438.4,156.45
449,452.1,156.45
450,465.8,156.45
451,479.5,156.45
452,493.2,156.45
453,506.9,156.45
454,520.6,156.45
455,534.3,156.45
456,561.7,156.45
457,602.8,156.45
458,616.5,156.45
459,630.2,156.45
460,643.9,156.45
461,657.6,156.45
462,671.3,156.45
463,685,156.45
464,0,170.15
465,13.7,170.15
466,27.4,170.15
467,41.1,170.15
468,54.8,170.15
469,109.6,170.15
470,123.3,170.15
471,137,170.15
472,150.7,170.15
473,164.4,170.15
474,178.1,170.15
475,191.8,170.15
476,205.5,170.15
477,219.2,170.15
478,246.6,170.15
479,260.3,170.15
480,274,170.15
481,287.7,170.15
482,301.4,170.15
483,315.1,170.15
484,369.9,170.15
485,383.6,170.15
486,397.3,170.15
487,411,170.15
488,424.7,170.15
489,438.4,170.15
490,465.8,170.15
491,479.5,170.15
492,493.2,170.15
493,506.9,170.15
494,520.6,170.15
495,534.3,170.15
496,548,170.15
497,561.7,170.15
498,589.1,170.15
499,643.9,170.15
500,657.6,170.15
501,671.3,170.15
502,685,170.15
503,0,183.85
504,13.7,183.85
505,27.4,183.85
506,41.1,183.85
507,68.5,183.85
508,109.6,183.85
509,123.3,183.85
510,137,183.85
511,150.7,183.85
512,164.4,183.85
513,178.1,183.85
514,191.8,183.85
515,205.5,183.85
516,219.2,183.85
517,232.9,183.85
518,260.3,183.85
519,274,183.85
520,287.7,183.85
521,301.4,183.85
522,342.5,183.85
523,397.3,183.85
524,411,183.85
525,438.4,183.85
526,452.1,183.85
527,465.8,183.85
528,479.5,183.85
529,493.2,183.85
530,506.9,183.85
531,520.6,183.85
532,534.3,183.85
533,548,183.85
534,561.7,183.85
535,575.4,183.85
536,630.2,183.85
537,643.9,183.85
538,657.6,183.85
539,671.3,183.85
540,685,183.85
541,0,197.55
542,13.7,197.55
543,27.4,197.55
544,41.1,197.55
545,123.3,197.55
546,137,197.55
547,150.7,197.55
548,164.4,197.55
549,178.1,197.55
550,191.8,197.55
551,205.5,197.55
552,219.2,197.55
553,232.9,197.55
554,246.6,197.55
555,260.3,197.55
556,274,197.55
557,287.7,197.55
558,328.8,197.55
559,342.5,197.55
560,397.3,197.55
561,411,197.55
562,424.7,197.55
563,438.4,197.55
564,452.1,197.55
565,465.8,197.55
566,479.5,197.55
567,493.2,197.55
568,506.9,197.55
569,520.6,197.55
570,534.3,197.55
571,548,197.55
572,575.4,197.55
573,589.1,197.55
574,602.8,197.55
575,657.6,197.55
576,671.3,197.55
577,685,197.55
578,0,211.25
579,13.7,211.25
580,27.4,211.25
581,41.1,211.25
582,54.8,211.25
583,82.2,211.25
584,109.6,211.25
585,150.7,211.25
586,164.4,211.25
587,178.1,211.25
588,191.8,211.25
589,205.5,211.25
590,219.2,211.25
591,232.9,211.25
592,246.6,211.25
593,260.3,211.25
594,274,211.25
595,287.7,211.25
596,397.3,211.25
597,411,211.25
598,424.7,211.25
599,438.4,211.25
600,452.1,211.25
601,465.8,211.25
602,479.5,211.25
603,493.2,211.25
604,506.9,211.25
605,520.6,211.25
606,548,211.25
607,561.7,211.25
608,575.4,211.25
609,589.1,211.25
610,657.6,211.25
611,671.3,211.25
612,685,211.25
613,0,224.95
614,13.7,224.95
615,27.4,224.95
616,95.9,224.95
617,109.6,224.95
618,123.3,224.95
619,137,224.95
620,150.7,224.95
621,191.8,224.95
622,205.5,224.95
623,219.2,224.95
624,232.9,224.95
625,246.6,224.95
626,260.3,224.95
627,274,224.95
628,287.7,224.95
629,301.4,224.95
630,397.3,224.95
631,411,224.95
632,424.7,224.95
633,438.4,224.95
634,452.1,224.95
635,465.8,224.95
636,479.5,224.95
637,520.6,224.95
638,534.3,224.95
639,548,224.95
640,561.7,224.95
641,575.4,224.95
642,589.1,224.95
643,602.8,224.95
644,616.5,224.95
645,643.9,224.95
646,657.6,224.95
647,671.3,224.95
648,685,224.95
649,0,238.65
650,13.7,238.65
651,27.4,238.65
652,68.5,238.65
653,82.2,238.65
654,95.9,238.65
655,109.6,238.65
656,123.3,238.65
657,137,238.65
658,150.7,238.65
659,164.4,238.65
660,178.1,238.65
661,191.8,238.65
662,232.9,238.65
663,246.6,238.65
664,260.3,238.65
665,274,238.65
666,287.7,238.65
667,301.4,238.65
668,383.6,238.65
669,397.3,238.65
670,411,238.65
671,424.7,238.65
672,438.4,238.65
673,452.1,238.65
674,479.5,238.65
675,493.2,238.65
676,506.9,238.65
677,520.6,238.65
678,534.3,238.65
679,548,238.65
680,561.7,238.65
681,575.4,238.65
682,589.1,238.65
683,602.8,238.65
684,657.6,238.65
685,671.3,238.65
686,685,238.65
687,0,252.35
688,13.7,252.35
689,27.4,252.35
690,82.2,252.35
691,95.9,252.35
692,109.6,252.35
693,123.3,252.35
694,137,252.35
695,150.7,252.35
696,164.4,252.35
697,178.1,252.35
698,191.8,252.35
699,205.5,252.35
700,219.2,252.35
701,232.9,252.35
702,260.3,252.35
703,274,252.35
704,287.7,252.35
705,301.4,252.35
706,315.1,252.35
707,328.8,252.35
708,342.5,252.35
709,356.2,252.35
710,369.9,252.35
711,383.6,252.35
712,397.3,252.35
713,411,252.35
714,424.7,252.35
715,452.1,252.35
716,465.8,252.35
717,479.5,252.35
718,493.2,252.35
719,506.9,252.35
720,520.6,252.35
721,534.3,252.35
722,548,252.35
723,561.7,252.35
724,575.4,252.35
725,589.1,252.35
726,602.8,252.35
727,616.5,252.35
728,630.2,252.35
729,671.3,252.35
730,685,252.35
731,0,266.05
732,13.7,266.05
733,27.4,266.05
734,54.8,266.05
735,82.2,266.05
736,95.9,266.05
737,109.6,266.05
738,123.3,266.05
739,137,266.05
740,150.7,266.05
741,164.4,266.05
742,178.1,266.05
743,191.8,266.05
744,205.5,266.05
745,219.2,266.05
746,232.9,266.05
747,246.6,266.05
748,260.3,266.05
749,274,266.05
750,287.7,266.05
751,301.4,266.05
752,315.1,266.05
753,328.8,266.05
754,342.5,266.05
755,356.2,266.05
756,369.9,266.05
757,383.6,266.05
758,397.3,266.05
759,411,266.05
760,424.7,266.05
761,438.4,266.05
762,452.1,266.05
763,465.8,266.05
764,479.5,266.05
765,493.2,266.05
766,506.9,266.05
767,520.6,266.05
768,534.3,266.05
769,616.5,266.05
770,671.3,266.05
771,685,266.05
772,0,279.75
773,13.7,279.75
774,27.4,279.75
775,54.8,279.75
776,191.8,279.75
777,205.5,279.75
778,219.2,279.75
779,232.9,279.75
780,246.6,279.75
781,260.3,279.75
782,274,279.75
783,287.7,279.75
784,301.4,279.75
785,315.1,279.75
786,328.8,279.75
787,342.5,279.75
788,356.2,279.75
789,369.9,279.75
790,383.6,279.75
791,397.3,279.75
792,411,279.75
793,424.7,279.75
794,506.9,279.75
795,520.6,279.75
796,534.3,279.75
797,561.7,279.75
798,575.4,279.75
799,602.8,279.75
800,616.5,279.75
801,671.3,279.75
802,685,279.75
803,0,293.45
804,13.7,293.45
805,27.4,293.45
806,41.1,293.45
807,54.8,293.45
808,68.5,293.45
809,82.2,293.45
810,109.6,293.45
811,123.3,293.45
812,137,293.45
813,164.4,293.45
814,178.1,293.45
815,191.8,293.45
816,205.5,293.45
817,219.2,293.45
818,232.9,293.45
819,246.6,293.45
820,260.3,293.45
821,274,293.45
822,287.7,293.45
823,301.4,293.45
824,315.1,293.45
825,328.8,293.45
826,342.5,293.45
827,356.2,293.45
828,369.9,293.45
829,383.6,293.45
830,397.3,293.45
831,411,293.45
832,424.7,293.45
833,438.4,293.45
834,452.1,293.45
835,465.8,293.45
836,479.5,293.45
837,493.2,293.45
838,506.9,293.45
839,520.6,293.45
840,534.3,293.45
841,548,293.45
842,561.7,293.45
843,575.4,293.45
844,589.1,293.45
845,616.5,293.45
846,671.3,293.45
847,685,293.45
848,0,307.15
849,13.7,307.15
850,27.4,307.15
851,41.1,307.15
852,54.8,307.15
853,68.5,307.15
854,95.9,307.15
855,109.6,307.15
856,123.3,307.15
857,137,307.15
858,150.7,307.15
859,164.4,307.15
860,178.1,307.15
861,191.8,307.15
862,205.5,307.15
863,219.2,307.15
864,232.9,307.15
865,246.6,307.15
866,260.3,307.15
867,274,307.15
868,287.7,307.15
869,301.4,307.15
870,315.1,307.15
871,328.8,307.15
872,342.5,307.15
873,356.2,307.15
874,369.9,307.15
875,383.6,307.15
876,397.3,307.15
877,411,307.15
878,424.7,307.15
879,438.4,307.15
880,452.1,307.15
881,465.8,307.15
882,479.5,307.15
883,493.2,307.15
884,506.9,307.15
885,520.6,307.15
886,534.3,307.15
887,548,307.15
888,561.7,307.15
889,575.4,307.15
890,589.1,307.15
891,602.8,307.15
892,630.2,307.15
893,671.3,307.15
894,685,307.15
895,0,320.85
896,13.7,320.85
897,27.4,320.85
898,54.8,320.85
899,68.5,320.85
900,82.2,320.85
901,95.9,320.85
902,109.6,320.85
903,123.3,320.85
904,137,320.85
905,150.7,320.85
906,164.4,320.85
907,178.1,320.85
908,191.8,320.85
909,205.5,320.85
910,219.2,320.85
911,232.9,320.85
912,260.3,320.85
913,274,320.85
914,287.7,320.85
915,301.4,320.85
916,315.1,320.85
917,328.8,320.85
918,342.5,320.85
919,356.2,320.85
920,369.9,320.85
921,383.6,320.85
922,397.3,320.85
923,411,320.85
924,424.7,320.85
925,438.4,320.85
926,479.5,320.85
927,493.2,320.85
928,506.9,320.85
929,520.6,320.85
930,534.3,320.85
931,548,320.85
932,561.7,320.85
933,575.4,320.85
934,589.1,320.85
935,602.8,320.85
936,630.2,320.85
937,643.9,320.85
938,671.3,320.85
939,685,320.85
940,0,334.55
941,13.7,334.55
942,27.4,334.55
943,54.8,334.55
944,68.5,334.55
945,82.2,334.55
946,95.9,334.55
947,109.6,334.55
948,123.3,334.55
949,137,334.55
950,150.7,334.55
951,164.4,334.55
952,178.1,334.55
953,191.8,334.55
954,232.9,334.55
955,246.6,334.55
956,260.3,334.55
957,274,334.55
958,287.7,334.55
959,301.4,334.55
960,315.1,334.55
961,328.8,334.55
962,342.5,334.55
963,356.2,334.55
964,369.9,334.55
965,383.6,334.55
966,397.3,334.55
967,411,334.55
968,424.7,334.55
969,438.4,334.55
970,452.1,334.55
971,465.8,334.55
972,479.5,334.55
973,493.2,334.55
974,534.3,334.55
975,548,334.55
976,561.7,334.55
977,575.4,334.55
978,589.1,334.55
979,602.8,334.55
980,630.2,334.55
981,671.3,334.55
982,685,334.55
983,0,348.25
984,13.7,348.25
985,27.4,348.25
986,54.8,348.25
987,68.5,348.25
988,82.2,348.25
989,95.9,348.25
990,109.6,348.25
991,123.3,348.25
992,137,348.25
993,150.7,348.25
994,178.1,348.25
995,191.8,348.25
996,205.5,348.25
997,219.2,348.25
998,232.9,348.25
999,246.6,348.25
1000,260.3,348.25
1001,274,348.25
1002,287.7,348.25
1003,301.4,348.25
1004,315.1,348.25
1005,328.8,348.25
1006,342.5,348.25
1007,356.2,348.25
1008,369.9,348.25
1009,383.6,348.25
1010,397.3,348.25
1011,411,348.25
1012,424.7,348.25
1013,438.4,348.25
1014,452.1,348.25
1015,465.8,348.25
1016,479.5,348.25
1017,493.2,348.25
1018,506.9,348.25
1019,520.6,348.25
1020,534.3,348.25
1021,548,348.25
1022,589.1,348.25
1023,602.8,348.25
1024,630.2,348.25
1025,671.3,348.25
1026,685,348.25
1027,0,361.95
1028,13.7,361.95
1029,27.4,361.95
1030,54.8,361.95
1031,68.5,361.95
1032,95.9,361.95
1033,137,361.95
1034,150.7,361.95
1035,164.4,361.95
1036,178.1,361.95
1037,191.8,361.95
1038,205.5,361.95
1039,219.2,361.95
1040,232.9,361.95
1041,246.6,361.95
1042,260.3,361.95
1043,274,361.95
1044,287.7,361.95
1045,301.4,361.95
1046,315.1,361.95
1047,328.8,361.95
1048,342.5,361.95
1049,356.2,361.95
1050,369.9,361.95
1051,383.6,361.95
1052,397.3,361.95
1053,411,361.95
1054,424.7,361.95
1055,438.4,361.95
1056,452.1,361.95
1057,465.8,361.95
1058,479.5,361.95
1059,493.2,361.95
1060,506.9,361.95
1061,520.6,361.95
1062,534.3,361.95
1063,548,361.95
1064,561.7,361.95
1065,575.4,361.95
1066,589.1,361.95
1067,643.9,361.95
1068,657.6,361.95
1069,671.3,361.95
1070,685,361.95
1071,0,375.65
1072,13.7,375.65
1073,27.4,375.65
1074,41.1,375.65
1075,54.8,375.65
1076,68.5,375.65
1077,82.2,375.65
1078,109.6,375.65
1079,123.3,375.65
1080,137,375.65
1081,150.7,375.65
1082,164.4,375.65
1083,178.1,375.65
1084,191.8,375.65
1085,205.5,375.65
1086,219.2,375.65
1087,232.9,375.65
1088,246.6,375.65
1089,260.3,375.65
1090,274,375.65
1091,287.7,375.65
1092,438.4,375.65
1093,452.1,375.65
1094,465.8,375.65
1095,479.5,375.65
1096,493.2,375.65
1097,506.9,375.65
1098,520.6,375.65
1099,534.3,375.65
1100,548,375.65
1101,561.7,375.65
1102,575.4,375.65
1103,602.8,375.65
1104,616.5,375.65
1105,643.9,375.65
1106,657.6,375.65
1107,671.3,375.65
1108,685,375.65
1109,0,389.35
1110,13.7,389.35
1111,27.4,389.35
1112,41.1,389.35
1113,82.2,389.35
1114,95.9,389.35
1115,123.3,389.35
1116,137,389.35
1117,150.7,389.35
1118,164.4,389.35
1119,178.1,389.35
1120,191.8,389.35
1121,205.5,389.35
1122,260.3,389.35
1123,274,389.35
1124,287.7,389.35
1125,301.4,389.35
1126,315.1,389.35
1127,328.8,389.35
1128,342.5,389.35
1129,356.2,389.35
1130,369.9,389.35
1131,383.6,389.35
1132,397.3,389.35
1133,411,389.35
1134,424.7,389.35
1135,438.4,389.35
1136,452.1,389.35
1137,465.8,389.35
1138,575.4,389.35
1139,589.1,389.35
1140,602.8,389.35
1141,616.5,389.35
1142,657.6,389.35
1143,671.3,389.35
1144,685,389.35
1145,0,403.05
1146,13.7,403.05
1147,27.4,403.05
1148,41.1,403.05
1149,82.2,403.05
1150,95.9,403.05
1151,109.6,403.05
1152,123.3,403.05
1153,137,403.05
1154,150.7,403.05
1155,164.4,403.05
1156,178.1,403.05
1157,191.8,403.05
1158,205.5,403.05
1159,219.2,403.05
1160,232.9,403.05
1161,246.6,403.05
1162,260.3,403.05
1163,287.7,403.05
1164,301.4,403.05
1165,315.1,403.05
1166,328.8,403.05
1167,342.5,403.05
1168,356.2,403.05
1169,369.9,403.05
1170,383.6,403.05
1171,397.3,403.05
1172,411,403.05
1173,438.4,403.05
1174,452.1,403.05
1175,465.8,403.05
1176,479.5,403.05
1177,493.2,403.05
1178,506.9,403.05
1179,520.6,403.05
1180,534.3,403.05
1181,548,403.05
1182,561.7,403.05
1183,575.4,403.05
1184,589.1,403.05
1185,602.8,403.05
1186,616.5,403.05
1187,630.2,403.05
1188,657.6,403.05
1189,671.3,403.05
1190,685,403.05
1191,0,416.75
1192,13.7,416.75
1193,27.4,416.75
1194,41.1,416.75
1195,68.5,416.75
1196,82.2,416.75
1197,95.9,416.75
1198,109.6,416.75
1199,123.3,416.75
1200,137,416.75
1201,150.7,416.75
1202,164.4,416.75
1203,178.1,416.75
1204,191.8,416.75
1205,205.5,416.75
1206,219.2,416.75
1207,232.9,416.75
1208,246.6,416.75
1209,260.3,416.75
1210,287.7,416.75
1211,301.4,416.75
1212,315.1,416.75
1213,328.8,416.75
1214,342.5,416.75
1215,356.2,416.75
1216,369.9,416.75
1217,383.6,416.75
1218,397.3,416.75
1219,411,416.75
1220,438.4,416.75
1221,452.1,416.75
1222,465.8,416.75
1223,479.5,416.75
1224,493.2,416.75
1225,506.9,416.75
1226,520.6,416.75
1227,534.3,416.75
1228,548,416.75
1229,561.7,416.75
1230,575.4,416.75
1231,589.1,416.75
1232,602.8,416.75
1233,616.5,416.75
1234,630.2,416.75
1235,643.9,416.75
1236,657.6,416.75
1237,671.3,416.75
1238,685,416.75
1239,0,430.45
1240,13.7,430.45
1241,27.4,430.45
1242,41.1,430.45
1243,54.8,430.45
1244,68.5,430.45
1245,95.9,430.45
1246,109.6,430.45
1247,123.3,430.45
1248,137,430.45
1249,150.7,430.45
1250,164.4,430.45
1251,178.1,430.45
1252,191.8,430.45
1253,205.5,430.45
1254,219.2,430.45
1255,232.9,430.45
1256,246.6,430.45
1257,260.3,430.45
1258,274,430.45
1259,287.7,430.45
1260,301.4,430.45
1261,315.1,430.45
1262,328.8,430.45
1263,342.5,430.45
1264,356.2,430.45
1265,369.9,430.45
1266,383.6,430.45
1267,397.3,430.45
1268,411,430.45
1269,424.7,430.45
1270,438.4,430.45
1271,452.1,430.45
1272,465.8,430.45
1273,479.5,430.45
1274,493.2,430.45
1275,506.9,430.45
1276,520.6,430.45
1277,534.3,430.45
1278,548,430.45
1279,561.7,430.45
1280,575.4,430.45
1281,589.1,430.45
1282,602.8,430.45
1283,643.9,430.45
1284,657.6,430.45
1285,671.3,430.45
1286,685,430.45
1287,0,444.15
1288,13.7,444.15
1289,27.4,444.15
1290,41.1,444.15
1291,54.8,444.15
1292,95.9,444.15
1293,109.6,444.15
1294,123.3,444.15
1295,137,444.15
1296,150.7,444.15
1297,164.4,444.15
1298,178.1,444.15
1299,191.8,444.15
1300,205.5,444.15
1301,219.2,444.15
1302,232.9,444.15
1303,246.6,444.15
1304,260.3,444.15
1305,287.7,444.15
1306,301.4,444.15
1307,315.1,444.15
1308,328.8,444.15
1309,342.5,444.15
1310,356.2,444.15
1311,369.9,444.15
1312,383.6,444.15
1313,397.3,444.15
1314,411,444.15
1315,424.7,444.15
1316,438.4,444.15
1317,452.1,444.15
1318,465.8,444.15
1319,479.5,444.15
1320,493.2,444.15
1321,506.9,444.15
1322,520.6,444.15
1323,534.3,444.15
1324,548,444.15
1325,561.7,444.15
1326,575.4,444.15
1327,589.1,444.15
1328,602.8,444.15
1329,616.5,444.15
1330,630.2,444.15
1331,643.9,444.15
1332,657.6,444.15
1333,671.3,444.15
1334,685,444.15
1335,0,457.85
1336,13.7,457.85
1337,27.4,457.85
1338,41.1,457.85
1339,54.8,457.85
1340,68.5,457.85
1341,82.2,457.85
1342,109.6,457.85
1343,123.3,457.85
1344,137,457.85
1345,150.7,457.85
1346,164.4,457.85
1347,178.1,457.85
1348,191.8,457.85
1349,205.5,457.85
1350,219.2,457.85
1351,232.9,457.85
1352,246.6,457.85
1353,260.3,457.85
1354,287.7,457.85
1355,301.4,457.85
1356,315.1,457.85
1357,328.8,457.85
1358,342.5,457.85
1359,356.2,457.85
1360,369.9,457.85
1361,383.6,457.85
1362,397.3,457.85
1363,411,457.85
1364,438.4,457.85
1365,452.1,457.85
1366,465.8,457.85
1367,479.5,457.85
1368,493.2,457.85
1369,506.9,457.85
1370,520.6,457.85
1371,534.3,457.85
1372,548,457.85
1373,561.7,457.85
1374,575.4,457.85
1375,589.1,457.85
1376,630.2,457.85
1377,643.9,457.85
1378,657.6,457.85
1379,671.3,457.85
1380,685,457.85
1381,0,471.55
1382,13.7,471.55
1383,27.4,471.55
1384,41.1,471.55
1385,54.8,471.55
1386,68.5,471.55
1387,95.9,471.55
1388,109.6,471.55
1389,123.3,471.55
1390,137,471.55
1391,150.7,471.55
1392,164.4,471.55
1393,178.1,471.55
1394,191.8,471.55
1395,205.5,471.55
1396,219.2,471.55
1397,232.9,471.55
1398,246.6,471.55
1399,260.3,471.55
1400,274,471.55
1401,287.7,471.55
1402,301.4,471.55
1403,315.1,471.55
1404,328.8,471.55
1405,342.5,471.55
1406,356.2,471.55
1407,369.9,471.55
1408,383.6,471.55
1409,397.3,471.55
1410,411,471.55
1411,438.4,471.55
1412,452.1,471.55
1413,465.8,471.55
1414,479.5,471.55
1415,493.2,471.55
1416,506.9,471.55
1417,520.6,471.55
1418,534.3,471.55
1419,548,471.55
1420,561.7,471.55
1421,575.4,471.55
1422,589.1,471.55
1423,602.8,471.55
1424,616.5,471.55
1425,630.2,471.55
1426,643.9,471.55
1427,657.6,471.55
1428,671.3,471.55
1429,685,471.55
1430,0,485.25
1431,13.7,485.25
1432,27.4,485.25
1433,41.1,485.25
1434,54.8,485.25
1435,68.5,485.25
1436,82.2,485.25
1437,123.3,485.25
1438,137,485.25
1439,150.7,485.25
1440,164.4,485.25
1441,178.1,485.25
1442,191.8,485.25
1443,205.5,485.25
1444,219.2,485.25
1445,232.9,485.25
1446,246.6,485.25
1447,260.3,485.25
1448,274,485.25
1449,301.4,485.25
1450,315.1,485.25
1451,328.8,485.25
1452,342.5,485.25
1453,356.2,485.25
1454,369.9,485.25
1455,383.6,485.25
1456,397.3,485.25
1457,424.7,485.25
1458,438.4,485.25
1459,452.1,485.25
1460,465.8,485.25
1461,479.5,485.25
1462,493.2,485.25
1463,506.9,485.25
1464,520.6,485.25
1465,534.3,485.25
1466,548,485.25
1467,561.7,485.25
1468,575.4,485.25
1469,616.5,485.25
1470,630.2,485.25
1471,643.9,485.25
1472,657.6,485.25
1473,671.3,485.25
1474,685,485.25
1475,0,498.95
1476,13.7,498.95
1477,27.4,498.95
1478,41.1,498.95
1479,54.8,498.95
1480,68.5,498.95
1481,82.2,498.95
1482,95.9,498.95
1483,123.3,498.95
1484,137,498.95
1485,150.7,498.95
1486,164.4,498.95
1487,178.1,498.95
1488,191.8,498.95
1489,205.5,498.95
1490,219.2,498.95
1491,232.9,498.95
1492,246.6,498.95
1493,260.3,498.95
1494,274,498.95
1495,287.7,498.95
1496,315.1,498.95
1497,328.8,498.95
1498,342.5,498.95
1499,356.2,498.95
1500,369.9,498.95
1501,383.6,498.95
1502,411,498.95
1503,424.7,498.95
1504,438.4,498.95
1505,452.1,498.95
1506,465.8,498.95
1507,479.5,498.95
1508,493.2,498.95
1509,506.9,498.95
1510,520.6,498.95
1511,534.3,498.95
1512,548,498.95
1513,561.7,498.95
1514,602.8,498.95
1515,616.5,498.95
1516,630.2,498.95
1517,643.9,498.95
1518,657.6,498.95
1519,671.3,498.95
1520,685,498.95
1521,0,512.65
1522,13.7,512.65
1523,27.4,512.65
1524,41.1,512.65
1525,54.8,512.65
1526,68.5,512.65
1527,82.2,512.65
1528,95.9,512.65
1529,137,512.65
1530,150.7,512.65
1531,164.4,512.65
1532,178.1,512.65
1533,191.8,512.65
1534,205.5,512.65
1535,219.2,512.65
1536,232.9,512.65
1537,246.6,512.65
1538,260.3,512.65
1539,274,512.65
1540,287.7,512.65
1541,301.4,512.65
1542,315.1,512.65
1543,383.6,512.65
1544,397.3,512.65
1545,411,512.65
1546,424.7,512.65
1547,438.4,512.65
1548,452.1,512.65
1549,465.8,512.65
1550,479.5,512.65
1551,493.2,512.65
1552,506.9,512.65
1553,520.6,512.65
1554,534.3,512.65
1555,548,512.65
1556,561.7,512.65
1557,589.1,512.65
1558,602.8,512.65
1559,616.5,512.65
1560,630.2,512.65
1561,643.9,512.65
1562,657.6,512.65
1563,671.3,512.65
1564,685,512.65
1565,0,526.35
1566,13.7,526.35
1567,27.4,526.35
1568,41.1,526.35
1569,54.8,526.35
1570,68.5,526.35
1571,82.2,526.35
1572,95.9,526.35
1573,109.6,526.35
1574,150.7,526.35
1575,164.4,526.35
1576,178.1,526.35
1577,191.8,526.35
1578,205.5,526.35
1579,219.2,526.35
1580,232.9,526.35
1581,246.6,526.35
1582,260.3,526.35
1583,274,526.35
1584,287.7,526.35
1585,301.4,526.35
1586,315.1,526.35
1587,328.8,526.35
1588,342.5,526.35
1589,356.2,526.35
1590,369.9,526.35
1591,383.6,526.35
1592,397.3,526.35
1593,411,526.35
1594,424.7,526.35
1595,438.4,526.35
1596,452.1,526.35
1597,465.8,526.35
1598,479.5,526.35
1599,493.2,526.35
1600,506.9,526.35
1601,520.6,526.35
1602,534.3,526.35
1603,548,526.35
1604,575.4,526.35
1605,589.1,526.35
1606,602.8,526.35
1607,616.5,526.35
1608,630.2,526.35
1609,643.9,526.35
1610,657.6,526.35
1611,671.3,526.35
1612,685,526.35
1613,0,540.05
1614,13.7,540.05
1615,27.4,540.05
1616,41.1,540.05
1617,54.8,540.05
1618,68.5,540.05
1619,82.2,540.05
1620,95.9,540.05
1621,109.6,540.05
1622,123.3,540.05
1623,164.4,540.05
1624,178.1,540.05
1625,191.8,540.05
1626,205.5,540.05
1627,219.2,540.05
1628,232.9,540.05
1629,246.6,540.05
1630,260.3,540.05
1631,274,540.05
1632,287.7,540.05
1633,301.4,540.05
1634,315.1,540.05
1635,328.8,540.05
1636,342.5,540.05
1637,356.2,540.05
1638,369.9,540.05
1639,383.6,540.05
1640,397.3,540.05
1641,411,540.05
1642,424.7,540.05
1643,438.4,540.05
1644,452.1,540.05
1645,465.8,540.05
1646,479.5,540.05
1647,493.2,540.05
1648,506.9,540.05
1649,520.6,540.05
1650,534.3,540.05
1651,575.4,540.05
1652,589.1,540.05
1653,602.8,540.05
1654,616.5,540.05
1655,630.2,540.05
1656,643.9,540.05
1657,657.6,540.05
1658,671.3,540.05
1659,685,540.05
1660,0,553.75
1661,13.7,553.75
1662,27.4,553.75
1663,41.1,553.75
1664,54.8,553.75
1665,68.5,553.75
1666,82.2,553.75
1667,95.9,553.75
1668,109.6,553.75
1669,123.3,553.75
1670,137,553.75
1671,178.1,553.75
1672,191.8,553.75
1673,205.5,553.75
1674,219.2,553.75
1675,232.9,553.75
1676,246.6,553.75
1677,260.3,553.75
1678,274,553.75
1679,575.4,553.75
1680,589.1,553.75
1681,602.8,553.75
1682,616.5,553.75
1683,630.2,553.75
1684,643.9,553.75
1685,657.6,553.75
1686,671.3,553.75
1687,685,553.75
1688,0,567.45
1689,13.7,567.45
1690,27.4,567.45
1691,41.1,567.45
1692,54.8,567.45
1693,68.5,567.45
1694,82.2,567.45
1695,95.9,567.45
1696,109.6,567.45
1697,123.3,567.45
1698,589.1,567.45
1699,602.8,567.45
1700,616.5,567.45
1701,630.2,567.45
1702,643.9,567.45
1703,657.6,567.45
1704,671.3,567.45
1705,685,567.45
1706,0,581.15
1707,13.7,581.15
1708,27.4,581.15
1709,41.1,581.15
1710,54.8,581.15
1711,68.5,581.15
1712,82.2,581.15
1713,95.9,581.15
1714,109.6,581.15
1715,123.3,581.15
1716,342.5,581.15
1717,356.2,581.15
1718,369.9,581.15
1719,575.4,581.15
1720,589.1,581.15
1721,602.8,581.15
1722,616.5,581.15
1723,630.2,581.15
1724,643.9,581.15
1725,657.6,581.15
1726,671.3,581.15
1727,685,581.15
1728,0,594.85
1729,13.7,594.85
1730,27.4,594.85
1731,41.1,594.85
1732,54.8,594.85
1733,68.5,594.85
1734,82.2,594.85
1735,95.9,594.85
1736,109.6,594.85
1737,123.3,594.85
1738,575.4,594.85
1739,589.1,594.85
1740,602.8,594.85
1741,616.5,594.85
1742,630.2,594.85
1743,643.9,594.85
1744,657.6,594.85
1745,671.3,594.85
1746,685,594.85
1747,0,608.55
1748,13.7,608.55
1749,27.4,608.55
1750,41.1,608.55
1751,54.8,608.55
1752,68.5,608.55
1753,82.2,608.55
1754,95.9,608.55
1755,109.6,608.55
1756,123.3,608.55
1757,137,608.55
1758,150.7,608.55
1759,164.4,608.55
1760,178.1,608.55
1761,191.8,608.55
1762,205.5,608.55
1763,219.2,608.55
1764,232.9,608.55
1765,246.6,608.55
1766,260.3,608.55
1767,274,608.55
1768,287.7,608.55
1769,301.4,608.55
1770,315.1,608.55
1771,424.7,608.55
1772,438.4,608.55
1773,452.1,608.55
1774,465.8,608.55
1775,479.5,608.55
1776,493.2,608.55
1777,506.9,608.55
1778,520.6,608.55
1779,534.3,608.55
1780,548,608.55
1781,561.7,608.55
1782,575.4,608.55
1783,589.1,608.55
1784,602.8,608.55
1785,616.5,608.55
1786,630.2,608.55
1787,643.9,608.55
1788,657.6,608.55
1789,671.3,608.55
1790,685,608.55
1791,0,622.25
1792,13.7,622.25
1793,27.4,622.25
1794,41.1,622.25
1795,54.8,622.25
1796,68.5,622.25
1797,82.2,622.25
1798,95.9,622.25
1799,109.6,622.25
1800,123.3,622.25
1801,137,622.25
1802,150.7,622.25
1803,164.4,622.25
1804,178.1,622.25
1805,191.8,622.25
1806,205.5,622.25
1807,219.2,622.25
1808,232.9,622.25
1809,246.6,622.25
1810,260.3,622.25
1811,274,622.25
1812,287.7,622.25
1813,315.1,622.25
1814,328.8,622.25
1815,342.5,622.25
1816,356.2,622.25
1817,369.9,622.25
1818,383.6,622.25
1819,397.3,622.25
1820,411,622.25
1821,424.7,622.25
1822,438.4,622.25
1823,452.1,622.25
1824,465.8,622.25
1825,479.5,622.25
1826,493.2,622.25
1827,506.9,622.25
1828,520.6,622.25
1829,534.3,622.25
1830,548,622.25
1831,561.7,622.25
1832,575.4,622.25
1833,589.1,622.25
1834,602.8,622.25
1835,616.5,622.25
1836,630.2,622.25
1837,643.9,622.25
1838,657.6,622.25
1839,671.3,622.25
1840,685,622.25
1841,0,635.95
1842,13.7,635.95
1843,27.4,635.95
1844,41.1,635.95
1845,54.8,635.95
1846,68.5,635.95
1847,82.2,635.95
1848,95.9,635.95
1849,109.6,635.95
1850,123.3,635.95
1851,137,635.95
1852,150.7,635.95
1853,164.4,635.95
1854,178.1,635.95
1855,191.8,635.95
1856,205.5,635.95
1857,219.2,635.95
1858,232.9,635.95
1859,246.6,635.95
1860,260.3,635.95
1861,274,635.95
1862,287.7,635.95
1863,315.1,635.95
1864,328.8,635.95
1865,356.2,635.95
1866,369.9,635.95
1867,383.6,635.95
1868,397.3,635.95
1869,411,635.95
1870,424.7,635.95
1871,438.4,635.95
1872,452.1,635.95
1873,465.8,635.95
1874,479.5,635.95
1875,493.2,635.95
1876,506.9,635.95
1877,520.6,635.95
1878,534.3,635.95
1879,548,635.95
1880,561.7,635.95
1881,575.4,635.95
1882,589.1,635.95
1883,602.8,635.95
1884,616.5,635.95
1885,630.2,635.95
1886,643.9,635.95
1887,657.6,635.95
1888,671.3,635.95
1889,685,635.95
1890,0,649.65
1891,13.7,649.65
1892,27.4,649.65
1893,41.1,649.65
1894,54.8,649.65
1895,68.5,649.65
1896,82.2,649.65
1897,95.9,649.65
1898,109.6,649.65
1899,123.3,649.65
1900,137,649.65
1901,150.7,649.65
1902,164.4,649.65
1903,178.1,649.65
1904,191.8,649.65
1905,205.5,649.65
1906,219.2,649.65
1907,232.9,649.65
1908,246.6,649.65
1909,260.3,649.65
1910,274,649.65
1911,287.7,649.65
1912,301.4,649.65
1913,315.1,649.65
1914,328.8,649.65
1915,342.5,649.65
1916,369.9,649.65
1917,383.6,649.65
1918,397.3,649.65
1919,411,649.65
1920,424.7,649.65
1921,438.4,649.65
1922,452.1,649.65
1923,465.8,649.65
1924,479.5,649.65
1925,493.2,649.65
1926,506.9,649.65
1927,520.6,649.65
1928,534.3,649.65
1929,548,649.65
1930,561.7,649.65
1931,575.4,649.65
1932,589.1,649.65
1933,602.8,649.65
1934,616.5,649.65
1935,630.2,649.65
1936,643.9,649.65
1937,657.6,649.65
1938,671.3,649.65
1939,685,649.65
1940,0,663.35
1941,13.7,663.35
1942,27.4,663.35
1943,41.1,663.35
1944,54.8,663.35
1945,68.5,663.35
1946,82.2,663.35
1947,95.9,663.35
1948,109.6,663.35
1949,123.3,663.35
1950,137,663.35
1951,150.7,663.35
1952,164.4,663.35
1953,178.1,663.35
1954,191.8,663.35
1955,205.5,663.35
1956,219.2,663.35
1957,232.9,663.35
1958,246.6,663.35
1959,260.3,663.35
1960,274,663.35
1961,287.7,663.35
1962,301.4,663.35
1963,328.8,663.35
1964,342.5,663.35
1965,369.9,663.35
1966,383.6,663.35
1967,397.3,663.35
1968,411,663.35
1969,424.7,663.35
1970,438.4,663.35
1971,452.1,663.35
1972,465.8,663.35
1973,479.5,663.35
1974,493.2,663.35
1975,506.9,663.35
1976,520.6,663.35
1977,534.3,663.35
1978,548,663.35
1979,561.7,663.35
1980,575.4,663.35
1981,589.1,663.35
1982,602.8,663.35
1983,616.5,663.35
1984,630.2,663.35
1985,643.9,663.35
1986,657.6,663.35
1987,671.3,663.35
1988,685,663.35
1989,0,677.05
1990,13.7,677.05
1991,27.4,677.05
1992,41.1,677.05
1993,54.8,677.05
1994,68.5,677.05
1995,82.2,677.05
1996,95.9,677.05
1997,109.6,677.05
1998,123.3,677.05
1999,137,677.05
2000,150.7,677.05
